Model,Accuracy,Precision,Recall,F1-Score,AUC
Logistic Regression,0.5737704918032787,0.5262455078028847,0.5737704918032787,0.5478652495045938,0.8093553266656714
Decision Tree,0.4262295081967213,0.5021786022433132,0.4262295081967213,0.45212065844456845,0.5807907647907647
Random Forest,0.5573770491803278,0.466130727196301,0.5573770491803278,0.5071746503365636,0.7378228259607569
SVM,0.5737704918032787,0.5290037831021438,0.5737704918032787,0.5364298724954463,0.7620877742946709
