Model,Accuracy
Logistic Regression,0.639344262295082
Random Forest,0.6229508196721312
SVM,0.6065573770491803
Decision Tree,0.39344262295081966
